"Capacitor";"Model";"Value, uF";"Mounting Quality";"Total Mounting Inductance, nH";"Estimated ESL, nH";"Actual Resonance Frequency, MHz";"Resonant Frequency for User-Specified ESL (w/o Mounting), MHz";"Comments"
"C1";"C=4.7uF, ESL=Auto, ESR=25mOhms";"  4.70";"poorly connected";"  0.14";"N/A";"  6.14";"N/A";"Failed to create decoupling capacitor model; using simplified model"
"C2";"C=4.7uF, ESL=Auto, ESR=25mOhms";"  4.70";"poorly connected";"  0.14";"N/A";"  6.14";"N/A";"Failed to create decoupling capacitor model; using simplified model"
"C3";"C=4.7uF, ESL=Auto, ESR=25mOhms";"  4.70";"poorly connected";"  0.14";"N/A";"  6.14";"N/A";"Failed to create decoupling capacitor model; using simplified model"
"C4";"C=4.7uF, ESL=Auto, ESR=25mOhms";"  4.70";"rejected";"N/A";"N/A";"N/A";"N/A";"Cannot find connection of pin C4.1 to metal area"
"C5";"C=4.7uF, ESL=Auto, ESR=25mOhms";"  4.70";"rejected";"N/A";"N/A";"N/A";"N/A";"Cannot find connection of pin C5.1 to metal area"
"C6";"C=4.7uF, ESL=Auto, ESR=25mOhms";"  4.70";"rejected";"N/A";"N/A";"N/A";"N/A";"Cannot find connection of pin C6.1 to metal area"
"C7";"C=4.7uF, ESL=Auto, ESR=25mOhms";"  4.70";"rejected";"N/A";"N/A";"N/A";"N/A";"Cannot find connection of pin C7.1 to metal area"
"C8";"C=4.7uF, ESL=Auto, ESR=25mOhms";"  4.70";"rejected";"N/A";"N/A";"N/A";"N/A";"Cannot find connection of pin C8.1 to metal area"
"C9";"C=4.7uF, ESL=Auto, ESR=25mOhms";"  4.70";"rejected";"N/A";"N/A";"N/A";"N/A";"Cannot find connection of pin C9.1 to metal area"
"C10";"C=4.7uF, ESL=Auto, ESR=25mOhms";"  4.70";"rejected";"N/A";"N/A";"N/A";"N/A";"Cannot find connection of pin C10.1 to metal area"
"C11";"C=4.7uF, ESL=Auto, ESR=25mOhms";"  4.70";"rejected";"N/A";"N/A";"N/A";"N/A";"Cannot find connection of pin C11.1 to metal area"
"C12";"C=4.7uF, ESL=Auto, ESR=25mOhms";"  4.70";"poorly connected";"  0.14";"N/A";"  6.14";"N/A";"Failed to create decoupling capacitor model; using simplified model"
"C13";"C=4.7uF, ESL=Auto, ESR=25mOhms";"  4.70";"rejected";"N/A";"N/A";"N/A";"N/A";"Cannot find connection of pin C13.1 to metal area"
"C14";"C=4.7uF, ESL=Auto, ESR=25mOhms";"  4.70";"poorly connected";"  0.14";"N/A";"  6.14";"N/A";"Failed to create decoupling capacitor model; using simplified model"
"C15";"C=4.7uF, ESL=Auto, ESR=25mOhms";"  4.70";"poorly connected";"  0.14";"N/A";"  6.14";"N/A";"Failed to create decoupling capacitor model; using simplified model"
"C16";"C=4.7uF, ESL=Auto, ESR=25mOhms";"  4.70";"poorly connected";"  0.14";"N/A";"  6.14";"N/A";"Failed to create decoupling capacitor model; using simplified model"
"C17";"C=4.7uF, ESL=Auto, ESR=25mOhms";"  4.70";"rejected";"N/A";"N/A";"N/A";"N/A";"Cannot find connection of pin C17.1 to metal area"
"C18";"C=4.7uF, ESL=Auto, ESR=25mOhms";"  4.70";"rejected";"N/A";"N/A";"N/A";"N/A";"Cannot find connection of pin C18.1 to metal area"
"C19";"C=4.7uF, ESL=Auto, ESR=25mOhms";"  4.70";"rejected";"N/A";"N/A";"N/A";"N/A";"Cannot find connection of pin C19.1 to metal area"
"C20";"C=0.047uF, ESL=Auto, ESR=25mOhms";" 0.047";"rejected";"N/A";"N/A";"N/A";"N/A";"Cannot find connection of pin C20.1 to metal area"
"C21";"C=0.047uF, ESL=Auto, ESR=25mOhms";" 0.047";"rejected";"N/A";"N/A";"N/A";"N/A";"Cannot find connection of pin C21.1 to metal area"
"C22";"C=0.047uF, ESL=Auto, ESR=25mOhms";" 0.047";"rejected";"N/A";"N/A";"N/A";"N/A";"Cannot find connection of pin C22.1 to metal area"
"C25";"C=0.01uF, ESL=Auto, ESR=25mOhms";"0.0100";"rejected";"N/A";"N/A";"N/A";"N/A";"Cannot find connection of pin C25.1 to metal area"
"C26";"C=0.01uF, ESL=Auto, ESR=25mOhms";"0.0100";"rejected";"N/A";"N/A";"N/A";"N/A";"Cannot find connection of pin C26.1 to metal area"
"C27";"C=0.01uF, ESL=Auto, ESR=25mOhms";"0.0100";"rejected";"N/A";"N/A";"N/A";"N/A";"Cannot find connection of pin C27.1 to metal area"
"C28";"C=0.01uF, ESL=Auto, ESR=25mOhms";"0.0100";"rejected";"N/A";"N/A";"N/A";"N/A";"Cannot find connection of pin C28.1 to metal area"
"C29";"C=0.01uF, ESL=Auto, ESR=25mOhms";"0.0100";"rejected";"N/A";"N/A";"N/A";"N/A";"Cannot find connection of pin C29.1 to metal area"
"C30";"C=0.01uF, ESL=Auto, ESR=25mOhms";"0.0100";"rejected";"N/A";"N/A";"N/A";"N/A";"Cannot find connection of pin C30.1 to metal area"
"C31";"C=0.01uF, ESL=Auto, ESR=25mOhms";"0.0100";"rejected";"N/A";"N/A";"N/A";"N/A";"Cannot find connection of pin C31.1 to metal area"
"C32";"C=0.01uF, ESL=Auto, ESR=25mOhms";"0.0100";"rejected";"N/A";"N/A";"N/A";"N/A";"Cannot find connection of pin C32.1 to metal area"
"C33";"C=0.01uF, ESL=Auto, ESR=25mOhms";"0.0100";"rejected";"N/A";"N/A";"N/A";"N/A";"Cannot find connection of pin C33.1 to metal area"
"C34";"C=0.01uF, ESL=Auto, ESR=25mOhms";"0.0100";"rejected";"N/A";"N/A";"N/A";"N/A";"Cannot find connection of pin C34.1 to metal area"
"C35";"C=0.01uF, ESL=Auto, ESR=25mOhms";"0.0100";"rejected";"N/A";"N/A";"N/A";"N/A";"Cannot find connection of pin C35.1 to metal area"
"C36";"C=0.01uF, ESL=Auto, ESR=25mOhms";"0.0100";"rejected";"N/A";"N/A";"N/A";"N/A";"Cannot find connection of pin C36.1 to metal area"
"C37";"C=0.01uF, ESL=Auto, ESR=25mOhms";"0.0100";"rejected";"N/A";"N/A";"N/A";"N/A";"Cannot find connection of pin C37.1 to metal area"
"C38";"C=0.01uF, ESL=Auto, ESR=25mOhms";"0.0100";"rejected";"N/A";"N/A";"N/A";"N/A";"Cannot find connection of pin C38.1 to metal area"
"C39";"C=0.01uF, ESL=Auto, ESR=25mOhms";"0.0100";"rejected";"N/A";"N/A";"N/A";"N/A";"Cannot find connection of pin C39.1 to metal area"
"C43";"C=100uF, ESL=Auto, ESR=25mOhms";"100.00";"poorly connected";"  1.82";"N/A";"  0.37";"N/A";"Failed to create decoupling capacitor model; using simplified model"
"C44";"C=100uF, ESL=Auto, ESR=25mOhms";"100.00";"rejected";"N/A";"N/A";"N/A";"N/A";"Cannot find connection of pin C44.1 to metal area"
"C46";"C=100uF, ESL=Auto, ESR=25mOhms";"100.00";"rejected";"N/A";"N/A";"N/A";"N/A";"Cannot find connection of pin C46.1 to metal area"
"C47";"C=100uF, ESL=Auto, ESR=25mOhms";"100.00";"poorly connected";"  1.82";"N/A";"  0.37";"N/A";"Failed to create decoupling capacitor model; using simplified model"
"C48";"C=100uF, ESL=Auto, ESR=25mOhms";"100.00";"rejected";"N/A";"N/A";"N/A";"N/A";"Cannot find connection of pin C48.1 to metal area"
"C49";"C=100uF, ESL=Auto, ESR=25mOhms";"100.00";"rejected";"N/A";"N/A";"N/A";"N/A";"Cannot find connection of pin C49.1 to metal area"
"C50";"C=100uF, ESL=Auto, ESR=25mOhms";"100.00";"poorly connected";"  1.82";"N/A";"  0.37";"N/A";"Failed to create decoupling capacitor model; using simplified model"
"C51";"C=100uF, ESL=Auto, ESR=25mOhms";"100.00";"rejected";"N/A";"N/A";"N/A";"N/A";"Cannot find connection of pin C51.1 to metal area"
"C52";"C=100uF, ESL=Auto, ESR=25mOhms";"100.00";"rejected";"N/A";"N/A";"N/A";"N/A";"Cannot find connection of pin C52.1 to metal area"
"C53";"C=100uF, ESL=Auto, ESR=25mOhms";"100.00";"rejected";"N/A";"N/A";"N/A";"N/A";"Cannot find connection of pin C53.1 to metal area"
"C54";"C=100uF, ESL=Auto, ESR=25mOhms";"100.00";"rejected";"N/A";"N/A";"N/A";"N/A";"Cannot find connection of pin C54.1 to metal area"
"C55";"C=100uF, ESL=Auto, ESR=25mOhms";"100.00";"rejected";"N/A";"N/A";"N/A";"N/A";"Cannot find connection of pin C55.1 to metal area"
"C56";"C=100uF, ESL=Auto, ESR=25mOhms";"100.00";"poorly connected";"  1.82";"N/A";"  0.37";"N/A";"Failed to create decoupling capacitor model; using simplified model"
"C57";"C=100uF, ESL=Auto, ESR=25mOhms";"100.00";"rejected";"N/A";"N/A";"N/A";"N/A";"Cannot find connection of pin C57.1 to metal area"
"C58";"C=100uF, ESL=Auto, ESR=25mOhms";"100.00";"rejected";"N/A";"N/A";"N/A";"N/A";"Cannot find connection of pin C58.1 to metal area"
"C59";"C=100uF, ESL=Auto, ESR=25mOhms";"100.00";"rejected";"N/A";"N/A";"N/A";"N/A";"Cannot find connection of pin C59.1 to metal area"
"C60";"C=0.47uF, ESL=Auto, ESR=25mOhms";"  0.47";"rejected";"N/A";"N/A";"N/A";"N/A";"Cannot find connection of pin C60.1 to metal area"
"C61";"C=0.47uF, ESL=Auto, ESR=25mOhms";"  0.47";"rejected";"N/A";"N/A";"N/A";"N/A";"Cannot find connection of pin C61.1 to metal area"
"C62";"C=0.47uF, ESL=Auto, ESR=25mOhms";"  0.47";"rejected";"N/A";"N/A";"N/A";"N/A";"Cannot find connection of pin C62.1 to metal area"
"C63";"C=0.47uF, ESL=Auto, ESR=25mOhms";"  0.47";"rejected";"N/A";"N/A";"N/A";"N/A";"Cannot find connection of pin C63.1 to metal area"
"C64";"C=0.47uF, ESL=Auto, ESR=25mOhms";"  0.47";"poorly connected";"  0.94";"N/A";"  7.56";"N/A";"Failed to create decoupling capacitor model; using simplified model"
"C65";"C=0.47uF, ESL=Auto, ESR=25mOhms";"  0.47";"poorly connected";"  0.94";"N/A";"  7.56";"N/A";"Failed to create decoupling capacitor model; using simplified model"
"C66";"C=0.47uF, ESL=Auto, ESR=25mOhms";"  0.47";"poorly connected";"  0.94";"N/A";"  7.56";"N/A";"Failed to create decoupling capacitor model; using simplified model"
"C67";"C=0.47uF, ESL=Auto, ESR=25mOhms";"  0.47";"rejected";"N/A";"N/A";"N/A";"N/A";"Cannot find connection of pin C67.1 to metal area"
"C68";"C=0.47uF, ESL=Auto, ESR=25mOhms";"  0.47";"rejected";"N/A";"N/A";"N/A";"N/A";"Cannot find connection of pin C68.1 to metal area"
"C69";"C=0.47uF, ESL=Auto, ESR=25mOhms";"  0.47";"poorly connected";"  0.94";"N/A";"  7.56";"N/A";"Failed to create decoupling capacitor model; using simplified model"
"C70";"C=0.47uF, ESL=Auto, ESR=25mOhms";"  0.47";"rejected";"N/A";"N/A";"N/A";"N/A";"Cannot find connection of pin C70.1 to metal area"
"C71";"C=0.47uF, ESL=Auto, ESR=25mOhms";"  0.47";"rejected";"N/A";"N/A";"N/A";"N/A";"Cannot find connection of pin C71.1 to metal area"
"C72";"C=0.47uF, ESL=Auto, ESR=25mOhms";"  0.47";"poorly connected";"  0.94";"N/A";"  7.56";"N/A";"Failed to create decoupling capacitor model; using simplified model"
"C73";"C=0.47uF, ESL=Auto, ESR=25mOhms";"  0.47";"rejected";"N/A";"N/A";"N/A";"N/A";"Cannot find connection of pin C73.1 to metal area"
"C74";"C=0.47uF, ESL=Auto, ESR=25mOhms";"  0.47";"rejected";"N/A";"N/A";"N/A";"N/A";"Cannot find connection of pin C74.1 to metal area"
"C75";"C=0.47uF, ESL=Auto, ESR=25mOhms";"  0.47";"poorly connected";"  0.94";"N/A";"  7.56";"N/A";"Failed to create decoupling capacitor model; using simplified model"
"C76";"C=0.47uF, ESL=Auto, ESR=25mOhms";"  0.47";"poorly connected";"  0.94";"N/A";"  7.56";"N/A";"Failed to create decoupling capacitor model; using simplified model"
"C78";"C=0.47uF, ESL=Auto, ESR=25mOhms";"  0.47";"poorly connected";"  0.14";"N/A";" 19.42";"N/A";"Failed to create decoupling capacitor model; using simplified model"
"C79";"C=0.47uF, ESL=Auto, ESR=25mOhms";"  0.47";"poorly connected";"  0.14";"N/A";" 19.42";"N/A";"Failed to create decoupling capacitor model; using simplified model"
"C80";"C=0.47uF, ESL=Auto, ESR=25mOhms";"  0.47";"rejected";"N/A";"N/A";"N/A";"N/A";"Cannot find connection of pin C80.1 to metal area"
"C81";"C=0.47uF, ESL=Auto, ESR=25mOhms";"  0.47";"rejected";"N/A";"N/A";"N/A";"N/A";"Cannot find connection of pin C81.1 to metal area"
"C82";"C=0.47uF, ESL=Auto, ESR=25mOhms";"  0.47";"rejected";"N/A";"N/A";"N/A";"N/A";"Cannot find connection of pin C82.1 to metal area"
"C83";"C=0.47uF, ESL=Auto, ESR=25mOhms";"  0.47";"rejected";"N/A";"N/A";"N/A";"N/A";"Cannot find connection of pin C83.1 to metal area"
"C84";"C=0.47uF, ESL=Auto, ESR=25mOhms";"  0.47";"rejected";"N/A";"N/A";"N/A";"N/A";"Cannot find connection of pin C84.1 to metal area"
"C85";"C=0.47uF, ESL=Auto, ESR=25mOhms";"  0.47";"rejected";"N/A";"N/A";"N/A";"N/A";"Cannot find connection of pin C85.1 to metal area"
"C86";"C=0.47uF, ESL=Auto, ESR=25mOhms";"  0.47";"rejected";"N/A";"N/A";"N/A";"N/A";"Cannot find connection of pin C86.1 to metal area"
"C87";"C=0.47uF, ESL=Auto, ESR=25mOhms";"  0.47";"poorly connected";"  0.14";"N/A";" 19.42";"N/A";"Failed to create decoupling capacitor model; using simplified model"
"C88";"C=0.47uF, ESL=Auto, ESR=25mOhms";"  0.47";"poorly connected";"  0.14";"N/A";" 19.42";"N/A";"Failed to create decoupling capacitor model; using simplified model"
"C89";"C=0.47uF, ESL=Auto, ESR=25mOhms";"  0.47";"rejected";"N/A";"N/A";"N/A";"N/A";"Cannot find connection of pin C89.1 to metal area"
"C90";"C=0.47uF, ESL=Auto, ESR=25mOhms";"  0.47";"poorly connected";"  0.14";"N/A";" 19.42";"N/A";"Failed to create decoupling capacitor model; using simplified model"
"C91";"C=0.47uF, ESL=Auto, ESR=25mOhms";"  0.47";"rejected";"N/A";"N/A";"N/A";"N/A";"Cannot find connection of pin C91.1 to metal area"
"C92";"C=0.47uF, ESL=Auto, ESR=25mOhms";"  0.47";"poorly connected";"  0.14";"N/A";" 19.42";"N/A";"Failed to create decoupling capacitor model; using simplified model"
"C93";"C=0.47uF, ESL=Auto, ESR=25mOhms";"  0.47";"rejected";"N/A";"N/A";"N/A";"N/A";"Cannot find connection of pin C93.1 to metal area"
"C94";"C=0.47uF, ESL=Auto, ESR=25mOhms";"  0.47";"rejected";"N/A";"N/A";"N/A";"N/A";"Cannot find connection of pin C94.1 to metal area"
"C95";"C=0.47uF, ESL=Auto, ESR=25mOhms";"  0.47";"rejected";"N/A";"N/A";"N/A";"N/A";"Cannot find connection of pin C95.1 to metal area"
"C96";"C=0.47uF, ESL=Auto, ESR=25mOhms";"  0.47";"rejected";"N/A";"N/A";"N/A";"N/A";"Cannot find connection of pin C96.1 to metal area"
"C97";"C=0.47uF, ESL=Auto, ESR=25mOhms";"  0.47";"rejected";"N/A";"N/A";"N/A";"N/A";"Cannot find connection of pin C97.1 to metal area"
"C98";"C=0.47uF, ESL=Auto, ESR=25mOhms";"  0.47";"rejected";"N/A";"N/A";"N/A";"N/A";"Cannot find connection of pin C98.1 to metal area"
"C99";"C=0.47uF, ESL=Auto, ESR=25mOhms";"  0.47";"rejected";"N/A";"N/A";"N/A";"N/A";"Cannot find connection of pin C99.1 to metal area"
"C100";"C=0.47uF, ESL=Auto, ESR=25mOhms";"  0.47";"rejected";"N/A";"N/A";"N/A";"N/A";"Cannot find connection of pin C100.1 to metal area"
"C101";"C=0.47uF, ESL=Auto, ESR=25mOhms";"  0.47";"rejected";"N/A";"N/A";"N/A";"N/A";"Cannot find connection of pin C101.1 to metal area"
"C102";"C=0.47uF, ESL=Auto, ESR=25mOhms";"  0.47";"rejected";"N/A";"N/A";"N/A";"N/A";"Cannot find connection of pin C102.1 to metal area"
"C103";"C=0.47uF, ESL=Auto, ESR=25mOhms";"  0.47";"rejected";"N/A";"N/A";"N/A";"N/A";"Cannot find connection of pin C103.1 to metal area"
"C104";"C=0.47uF, ESL=Auto, ESR=25mOhms";"  0.47";"rejected";"N/A";"N/A";"N/A";"N/A";"Cannot find connection of pin C104.1 to metal area"
"C105";"C=0.47uF, ESL=Auto, ESR=25mOhms";"  0.47";"rejected";"N/A";"N/A";"N/A";"N/A";"Cannot find connection of pin C105.1 to metal area"
"C106";"C=0.47uF, ESL=Auto, ESR=25mOhms";"  0.47";"rejected";"N/A";"N/A";"N/A";"N/A";"Cannot find connection of pin C106.1 to metal area"
"C107";"C=0.47uF, ESL=Auto, ESR=25mOhms";"  0.47";"rejected";"N/A";"N/A";"N/A";"N/A";"Cannot find connection of pin C107.1 to metal area"
"C108";"C=0.47uF, ESL=Auto, ESR=25mOhms";"  0.47";"rejected";"N/A";"N/A";"N/A";"N/A";"Cannot find connection of pin C108.1 to metal area"
"C109";"C=0.47uF, ESL=Auto, ESR=25mOhms";"  0.47";"rejected";"N/A";"N/A";"N/A";"N/A";"Cannot find connection of pin C109.1 to metal area"
"C110";"C=0.47uF, ESL=Auto, ESR=25mOhms";"  0.47";"rejected";"N/A";"N/A";"N/A";"N/A";"Cannot find connection of pin C110.1 to metal area"
"C111";"C=0.47uF, ESL=Auto, ESR=25mOhms";"  0.47";"rejected";"N/A";"N/A";"N/A";"N/A";"Cannot find connection of pin C111.1 to metal area"
"C112";"C=0.47uF, ESL=Auto, ESR=25mOhms";"  0.47";"rejected";"N/A";"N/A";"N/A";"N/A";"Cannot find connection of pin C112.1 to metal area"
"C113";"C=0.47uF, ESL=Auto, ESR=25mOhms";"  0.47";"rejected";"N/A";"N/A";"N/A";"N/A";"Cannot find connection of pin C113.1 to metal area"
"C114";"C=0.47uF, ESL=Auto, ESR=25mOhms";"  0.47";"poorly connected";"  0.14";"N/A";" 19.42";"N/A";"Failed to create decoupling capacitor model; using simplified model"
"C115";"C=0.47uF, ESL=Auto, ESR=25mOhms";"  0.47";"rejected";"N/A";"N/A";"N/A";"N/A";"Cannot find connection of pin C115.1 to metal area"
"C116";"C=0.47uF, ESL=Auto, ESR=25mOhms";"  0.47";"rejected";"N/A";"N/A";"N/A";"N/A";"Cannot find connection of pin C116.1 to metal area"
"C117";"C=0.47uF, ESL=Auto, ESR=25mOhms";"  0.47";"rejected";"N/A";"N/A";"N/A";"N/A";"Cannot find connection of pin C117.1 to metal area"
"C118";"C=0.47uF, ESL=Auto, ESR=25mOhms";"  0.47";"rejected";"N/A";"N/A";"N/A";"N/A";"Cannot find connection of pin C118.1 to metal area"
"C120";"C=0.47uF, ESL=Auto, ESR=25mOhms";"  0.47";"rejected";"N/A";"N/A";"N/A";"N/A";"Cannot find connection of pin C120.1 to metal area"
"C121";"C=0.47uF, ESL=Auto, ESR=25mOhms";"  0.47";"rejected";"N/A";"N/A";"N/A";"N/A";"Cannot find connection of pin C121.1 to metal area"
"C122";"C=0.47uF, ESL=Auto, ESR=25mOhms";"  0.47";"rejected";"N/A";"N/A";"N/A";"N/A";"Cannot find connection of pin C122.1 to metal area"
"C123";"C=0.47uF, ESL=Auto, ESR=25mOhms";"  0.47";"poorly connected";"  0.14";"N/A";" 19.42";"N/A";"Failed to create decoupling capacitor model; using simplified model"
"C124";"C=0.47uF, ESL=Auto, ESR=25mOhms";"  0.47";"rejected";"N/A";"N/A";"N/A";"N/A";"Cannot find connection of pin C124.1 to metal area"
"C125";"C=0.47uF, ESL=Auto, ESR=25mOhms";"  0.47";"rejected";"N/A";"N/A";"N/A";"N/A";"Cannot find connection of pin C125.1 to metal area"
"C126";"C=0.47uF, ESL=Auto, ESR=25mOhms";"  0.47";"poorly connected";"  0.14";"N/A";" 19.42";"N/A";"Failed to create decoupling capacitor model; using simplified model"
"C127";"C=0.47uF, ESL=Auto, ESR=25mOhms";"  0.47";"rejected";"N/A";"N/A";"N/A";"N/A";"Cannot find connection of pin C127.1 to metal area"
"C128";"C=0.47uF, ESL=Auto, ESR=25mOhms";"  0.47";"poorly connected";"  0.14";"N/A";" 19.42";"N/A";"Failed to create decoupling capacitor model; using simplified model"
"C129";"C=0.47uF, ESL=Auto, ESR=25mOhms";"  0.47";"rejected";"N/A";"N/A";"N/A";"N/A";"Cannot find connection of pin C129.1 to metal area"
"C130";"C=0.47uF, ESL=Auto, ESR=25mOhms";"  0.47";"rejected";"N/A";"N/A";"N/A";"N/A";"Cannot find connection of pin C130.1 to metal area"
"C131";"C=0.47uF, ESL=Auto, ESR=25mOhms";"  0.47";"rejected";"N/A";"N/A";"N/A";"N/A";"Cannot find connection of pin C131.1 to metal area"
"C132";"C=0.47uF, ESL=Auto, ESR=25mOhms";"  0.47";"poorly connected";"  0.14";"N/A";" 19.42";"N/A";"Failed to create decoupling capacitor model; using simplified model"
"C133";"C=0.47uF, ESL=Auto, ESR=25mOhms";"  0.47";"rejected";"N/A";"N/A";"N/A";"N/A";"Cannot find connection of pin C133.1 to metal area"
"C134";"C=0.47uF, ESL=Auto, ESR=25mOhms";"  0.47";"rejected";"N/A";"N/A";"N/A";"N/A";"Cannot find connection of pin C134.1 to metal area"
"C135";"C=0.47uF, ESL=Auto, ESR=25mOhms";"  0.47";"rejected";"N/A";"N/A";"N/A";"N/A";"Cannot find connection of pin C135.1 to metal area"
"C136";"C=0.47uF, ESL=Auto, ESR=25mOhms";"  0.47";"rejected";"N/A";"N/A";"N/A";"N/A";"Cannot find connection of pin C136.1 to metal area"
"C137";"C=0.47uF, ESL=Auto, ESR=25mOhms";"  0.47";"rejected";"N/A";"N/A";"N/A";"N/A";"Cannot find connection of pin C137.1 to metal area"
"C138";"C=0.1uF, ESL=Auto, ESR=25mOhms";" 0.100";"rejected";"N/A";"N/A";"N/A";"N/A";"Cannot find connection of pin C138.1 to metal area"
"C139";"C=0.1uF, ESL=Auto, ESR=25mOhms";" 0.100";"rejected";"N/A";"N/A";"N/A";"N/A";"Cannot find connection of pin C139.1 to metal area"
"C140";"C=0.1uF, ESL=Auto, ESR=25mOhms";" 0.100";"rejected";"N/A";"N/A";"N/A";"N/A";"Cannot find connection of pin C140.1 to metal area"
"C141";"C=0.1uF, ESL=Auto, ESR=25mOhms";" 0.100";"rejected";"N/A";"N/A";"N/A";"N/A";"Cannot find connection of pin C141.1 to metal area"
"C142";"C=0.1uF, ESL=Auto, ESR=25mOhms";" 0.100";"rejected";"N/A";"N/A";"N/A";"N/A";"Cannot find connection of pin C142.1 to metal area"
"C143";"C=0.1uF, ESL=Auto, ESR=25mOhms";" 0.100";"rejected";"N/A";"N/A";"N/A";"N/A";"Cannot find connection of pin C143.1 to metal area"
"C144";"C=0.1uF, ESL=Auto, ESR=25mOhms";" 0.100";"rejected";"N/A";"N/A";"N/A";"N/A";"Cannot find connection of pin C144.1 to metal area"
"C145";"C=0.1uF, ESL=Auto, ESR=25mOhms";" 0.100";"rejected";"N/A";"N/A";"N/A";"N/A";"Cannot find connection of pin C145.1 to metal area"
"C146";"C=0.1uF, ESL=Auto, ESR=25mOhms";" 0.100";"rejected";"N/A";"N/A";"N/A";"N/A";"Cannot find connection of pin C146.1 to metal area"
"C147";"C=0.1uF, ESL=Auto, ESR=25mOhms";" 0.100";"rejected";"N/A";"N/A";"N/A";"N/A";"Cannot find connection of pin C147.1 to metal area"
"C148";"C=0.1uF, ESL=Auto, ESR=25mOhms";" 0.100";"rejected";"N/A";"N/A";"N/A";"N/A";"Cannot find connection of pin C148.1 to metal area"
"C149";"C=0.1uF, ESL=Auto, ESR=25mOhms";" 0.100";"rejected";"N/A";"N/A";"N/A";"N/A";"Cannot find connection of pin C149.1 to metal area"
"C150";"C=0.1uF, ESL=Auto, ESR=25mOhms";" 0.100";"rejected";"N/A";"N/A";"N/A";"N/A";"Cannot find connection of pin C150.1 to metal area"
"C151";"C=0.1uF, ESL=Auto, ESR=25mOhms";" 0.100";"rejected";"N/A";"N/A";"N/A";"N/A";"Cannot find connection of pin C151.1 to metal area"
"C152";"C=0.1uF, ESL=Auto, ESR=25mOhms";" 0.100";"rejected";"N/A";"N/A";"N/A";"N/A";"Cannot find connection of pin C152.1 to metal area"
"C153";"C=0.1uF, ESL=Auto, ESR=25mOhms";" 0.100";"rejected";"N/A";"N/A";"N/A";"N/A";"Cannot find connection of pin C153.1 to metal area"
"C154";"C=0.1uF, ESL=Auto, ESR=25mOhms";" 0.100";"poorly connected";"  0.94";"N/A";" 16.39";"N/A";"Failed to create decoupling capacitor model; using simplified model"
"C155";"C=0.1uF, ESL=Auto, ESR=25mOhms";" 0.100";"rejected";"N/A";"N/A";"N/A";"N/A";"Cannot find connection of pin C155.1 to metal area"
"C156";"C=0.1uF, ESL=Auto, ESR=25mOhms";" 0.100";"rejected";"N/A";"N/A";"N/A";"N/A";"Cannot find connection of pin C156.1 to metal area"
"C157";"C=0.1uF, ESL=Auto, ESR=25mOhms";" 0.100";"rejected";"N/A";"N/A";"N/A";"N/A";"Cannot find connection of pin C157.1 to metal area"
"C158";"C=0.1uF, ESL=Auto, ESR=25mOhms";" 0.100";"rejected";"N/A";"N/A";"N/A";"N/A";"Cannot find connection of pin C158.1 to metal area"
"C159";"C=0.1uF, ESL=Auto, ESR=25mOhms";" 0.100";"rejected";"N/A";"N/A";"N/A";"N/A";"Cannot find connection of pin C159.1 to metal area"
"C160";"C=0.1uF, ESL=Auto, ESR=25mOhms";" 0.100";"rejected";"N/A";"N/A";"N/A";"N/A";"Cannot find connection of pin C160.1 to metal area"
"C161";"C=0.1uF, ESL=Auto, ESR=25mOhms";" 0.100";"rejected";"N/A";"N/A";"N/A";"N/A";"Cannot find connection of pin C161.1 to metal area"
"C162";"C=0.1uF, ESL=Auto, ESR=25mOhms";" 0.100";"poorly connected";"  0.94";"N/A";" 16.39";"N/A";"Failed to create decoupling capacitor model; using simplified model"
"C163";"C=0.1uF, ESL=Auto, ESR=25mOhms";" 0.100";"rejected";"N/A";"N/A";"N/A";"N/A";"Cannot find connection of pin C163.1 to metal area"
"C164";"C=0.1uF, ESL=Auto, ESR=25mOhms";" 0.100";"poorly connected";"  0.14";"N/A";" 42.09";"N/A";"Failed to create decoupling capacitor model; using simplified model"
"C165";"C=0.1uF, ESL=Auto, ESR=25mOhms";" 0.100";"poorly connected";"  0.14";"N/A";" 42.09";"N/A";"Failed to create decoupling capacitor model; using simplified model"
"C166";"C=0.1uF, ESL=Auto, ESR=25mOhms";" 0.100";"poorly connected";"  0.14";"N/A";" 42.09";"N/A";"Failed to create decoupling capacitor model; using simplified model"
"C167";"C=0.1uF, ESL=Auto, ESR=25mOhms";" 0.100";"rejected";"N/A";"N/A";"N/A";"N/A";"Cannot find connection of pin C167.1 to metal area"
"C168";"C=0.1uF, ESL=Auto, ESR=25mOhms";" 0.100";"rejected";"N/A";"N/A";"N/A";"N/A";"Cannot find connection of pin C168.1 to metal area"
"C169";"C=0.1uF, ESL=Auto, ESR=25mOhms";" 0.100";"rejected";"N/A";"N/A";"N/A";"N/A";"Cannot find connection of pin C169.1 to metal area"
"C170";"C=0.1uF, ESL=Auto, ESR=25mOhms";" 0.100";"rejected";"N/A";"N/A";"N/A";"N/A";"Cannot find connection of pin C170.1 to metal area"
"C171";"C=0.1uF, ESL=Auto, ESR=25mOhms";" 0.100";"rejected";"N/A";"N/A";"N/A";"N/A";"Cannot find connection of pin C171.1 to metal area"
"C172";"C=0.1uF, ESL=Auto, ESR=25mOhms";" 0.100";"rejected";"N/A";"N/A";"N/A";"N/A";"Cannot find connection of pin C172.1 to metal area"
"C173";"C=0.1uF, ESL=Auto, ESR=25mOhms";" 0.100";"rejected";"N/A";"N/A";"N/A";"N/A";"Cannot find connection of pin C173.1 to metal area"
"C174";"C=0.1uF, ESL=Auto, ESR=25mOhms";" 0.100";"rejected";"N/A";"N/A";"N/A";"N/A";"Cannot find connection of pin C174.1 to metal area"
"C175";"C=0.1uF, ESL=Auto, ESR=25mOhms";" 0.100";"rejected";"N/A";"N/A";"N/A";"N/A";"Cannot find connection of pin C175.1 to metal area"
"C176";"C=0.1uF, ESL=Auto, ESR=25mOhms";" 0.100";"rejected";"N/A";"N/A";"N/A";"N/A";"Cannot find connection of pin C176.1 to metal area"
"C177";"C=0.1uF, ESL=Auto, ESR=25mOhms";" 0.100";"rejected";"N/A";"N/A";"N/A";"N/A";"Cannot find connection of pin C177.1 to metal area"
"C178";"C=0.1uF, ESL=Auto, ESR=25mOhms";" 0.100";"rejected";"N/A";"N/A";"N/A";"N/A";"Cannot find connection of pin C178.1 to metal area"
"C179";"C=0.1uF, ESL=Auto, ESR=25mOhms";" 0.100";"rejected";"N/A";"N/A";"N/A";"N/A";"Cannot find connection of pin C179.1 to metal area"
"C180";"C=0.1uF, ESL=Auto, ESR=25mOhms";" 0.100";"rejected";"N/A";"N/A";"N/A";"N/A";"Cannot find connection of pin C180.1 to metal area"
"C181";"C=0.1uF, ESL=Auto, ESR=25mOhms";" 0.100";"rejected";"N/A";"N/A";"N/A";"N/A";"Cannot find connection of pin C181.1 to metal area"
"C182";"C=0.1uF, ESL=Auto, ESR=25mOhms";" 0.100";"rejected";"N/A";"N/A";"N/A";"N/A";"Cannot find connection of pin C182.1 to metal area"
"C183";"C=0.1uF, ESL=Auto, ESR=25mOhms";" 0.100";"rejected";"N/A";"N/A";"N/A";"N/A";"Cannot find connection of pin C183.1 to metal area"
"C184";"C=0.1uF, ESL=Auto, ESR=25mOhms";" 0.100";"rejected";"N/A";"N/A";"N/A";"N/A";"Cannot find connection of pin C184.1 to metal area"
"C185";"C=0.1uF, ESL=Auto, ESR=25mOhms";" 0.100";"poorly connected";"  0.94";"N/A";" 16.39";"N/A";"Failed to create decoupling capacitor model; using simplified model"
"C188";"C=0.1uF, ESL=Auto, ESR=25mOhms";" 0.100";"rejected";"N/A";"N/A";"N/A";"N/A";"Cannot find connection of pin C188.1 to metal area"
"C189";"C=0.1uF, ESL=Auto, ESR=25mOhms";" 0.100";"rejected";"N/A";"N/A";"N/A";"N/A";"Cannot find connection of pin C189.1 to metal area"
"C190";"C=0.1uF, ESL=Auto, ESR=25mOhms";" 0.100";"rejected";"N/A";"N/A";"N/A";"N/A";"Cannot find connection of pin C190.1 to metal area"
"C192";"C=0.1uF, ESL=Auto, ESR=25mOhms";" 0.100";"rejected";"N/A";"N/A";"N/A";"N/A";"Cannot find connection of pin C192.1 to metal area"
"C193";"C=0.1uF, ESL=Auto, ESR=25mOhms";" 0.100";"rejected";"N/A";"N/A";"N/A";"N/A";"Cannot find connection of pin C193.1 to metal area"
"C194";"C=0.1uF, ESL=Auto, ESR=25mOhms";" 0.100";"rejected";"N/A";"N/A";"N/A";"N/A";"Cannot find connection of pin C194.1 to metal area"
"C195";"C=0.1uF, ESL=Auto, ESR=25mOhms";" 0.100";"poorly connected";"  0.94";"N/A";" 16.39";"N/A";"Failed to create decoupling capacitor model; using simplified model"
"C196";"C=0.1uF, ESL=Auto, ESR=25mOhms";" 0.100";"poorly connected";"  0.14";"N/A";" 42.09";"N/A";"Failed to create decoupling capacitor model; using simplified model"
"C197";"C=0.1uF, ESL=Auto, ESR=25mOhms";" 0.100";"rejected";"N/A";"N/A";"N/A";"N/A";"Cannot find connection of pin C197.2 to metal area"
"C199";"C=0.1uF, ESL=Auto, ESR=25mOhms";" 0.100";"rejected";"N/A";"N/A";"N/A";"N/A";"Cannot find connection of pin C199.2 to metal area"
"C200";"C=0.1uF, ESL=Auto, ESR=25mOhms";" 0.100";"poorly connected";"  0.94";"N/A";" 16.39";"N/A";"Failed to create decoupling capacitor model; using simplified model"
"C203";"C=0.1uF, ESL=Auto, ESR=25mOhms";" 0.100";"rejected";"N/A";"N/A";"N/A";"N/A";"Cannot find connection of pin C203.1 to metal area"
"C204";"C=0.1uF, ESL=Auto, ESR=25mOhms";" 0.100";"rejected";"N/A";"N/A";"N/A";"N/A";"Cannot find connection of pin C204.2 to metal area"
"C205";"C=4.7uF, ESL=Auto, ESR=25mOhms";"  4.70";"rejected";"N/A";"N/A";"N/A";"N/A";"Cannot find connection of pin C205.1 to metal area"
"C206";"C=4.7uF, ESL=Auto, ESR=25mOhms";"  4.70";"rejected";"N/A";"N/A";"N/A";"N/A";"Cannot find connection of pin C206.1 to metal area"
"C207";"C=4.7uF, ESL=Auto, ESR=25mOhms";"  4.70";"rejected";"N/A";"N/A";"N/A";"N/A";"Cannot find connection of pin C207.1 to metal area"
"C208";"C=4.7uF, ESL=Auto, ESR=25mOhms";"  4.70";"poorly connected";"  1.37";"N/A";"  1.98";"N/A";"Failed to create decoupling capacitor model; using simplified model"
"C209";"C=4.7uF, ESL=Auto, ESR=25mOhms";"  4.70";"poorly connected";"  1.37";"N/A";"  1.98";"N/A";"Failed to create decoupling capacitor model; using simplified model"
"C210";"C=4.7uF, ESL=Auto, ESR=25mOhms";"  4.70";"rejected";"N/A";"N/A";"N/A";"N/A";"Cannot find connection of pin C210.1 to metal area"
"C211";"C=4.7uF, ESL=Auto, ESR=25mOhms";"  4.70";"rejected";"N/A";"N/A";"N/A";"N/A";"Cannot find connection of pin C211.1 to metal area"
"C212";"C=4.7uF, ESL=Auto, ESR=25mOhms";"  4.70";"rejected";"N/A";"N/A";"N/A";"N/A";"Cannot find connection of pin C212.1 to metal area"
"C213";"C=4.7uF, ESL=Auto, ESR=25mOhms";"  4.70";"rejected";"N/A";"N/A";"N/A";"N/A";"Cannot find connection of pin C213.1 to metal area"
"C214";"C=4.7uF, ESL=Auto, ESR=25mOhms";"  4.70";"rejected";"N/A";"N/A";"N/A";"N/A";"Cannot find connection of pin C214.1 to metal area"
"C215";"C=4.7uF, ESL=Auto, ESR=25mOhms";"  4.70";"rejected";"N/A";"N/A";"N/A";"N/A";"Cannot find connection of pin C215.1 to metal area"
"C216";"C=4.7uF, ESL=Auto, ESR=25mOhms";"  4.70";"rejected";"N/A";"N/A";"N/A";"N/A";"Cannot find connection of pin C216.1 to metal area"
"C217";"C=4.7uF, ESL=Auto, ESR=25mOhms";"  4.70";"rejected";"N/A";"N/A";"N/A";"N/A";"Cannot find connection of pin C217.1 to metal area"
"C218";"C=4.7uF, ESL=Auto, ESR=25mOhms";"  4.70";"poorly connected";"  1.37";"N/A";"  1.98";"N/A";"Failed to create decoupling capacitor model; using simplified model"
"C219";"C=4.7uF, ESL=Auto, ESR=25mOhms";"  4.70";"rejected";"N/A";"N/A";"N/A";"N/A";"Cannot find connection of pin C219.1 to metal area"
"C220";"C=4.7uF, ESL=Auto, ESR=25mOhms";"  4.70";"rejected";"N/A";"N/A";"N/A";"N/A";"Cannot find connection of pin C220.1 to metal area"
"C221";"C=4.7uF, ESL=Auto, ESR=25mOhms";"  4.70";"rejected";"N/A";"N/A";"N/A";"N/A";"Cannot find connection of pin C221.1 to metal area"
"C222";"C=10uF, ESL=Auto, ESR=25mOhms";" 10.00";"rejected";"N/A";"N/A";"N/A";"N/A";"Cannot find connection of pin C222.1 to metal area"
"C223";"C=10uF, ESL=Auto, ESR=25mOhms";" 10.00";"rejected";"N/A";"N/A";"N/A";"N/A";"Cannot find connection of pin C223.1 to metal area"
"C224";"C=10uF, ESL=Auto, ESR=25mOhms";" 10.00";"rejected";"N/A";"N/A";"N/A";"N/A";"Cannot find connection of pin C224.1 to metal area"
"C225";"C=10uF, ESL=Auto, ESR=25mOhms";" 10.00";"rejected";"N/A";"N/A";"N/A";"N/A";"Cannot find connection of pin C225.1 to metal area"
"C226";"C=10uF, ESL=Auto, ESR=25mOhms";" 10.00";"rejected";"N/A";"N/A";"N/A";"N/A";"Cannot find connection of pin C226.1 to metal area"
"C227";"C=10uF, ESL=Auto, ESR=25mOhms";" 10.00";"rejected";"N/A";"N/A";"N/A";"N/A";"Cannot find connection of pin C227.1 to metal area"
"C228";"C=10uF, ESL=Auto, ESR=25mOhms";" 10.00";"rejected";"N/A";"N/A";"N/A";"N/A";"Cannot find connection of pin C228.1 to metal area"
"C229";"C=10uF, ESL=Auto, ESR=25mOhms";" 10.00";"rejected";"N/A";"N/A";"N/A";"N/A";"Cannot find connection of pin C229.1 to metal area"
"C230";"C=10uF, ESL=Auto, ESR=25mOhms";" 10.00";"rejected";"N/A";"N/A";"N/A";"N/A";"Cannot find connection of pin C230.1 to metal area"
"C231";"C=10uF, ESL=Auto, ESR=25mOhms";" 10.00";"rejected";"N/A";"N/A";"N/A";"N/A";"Cannot find connection of pin C231.1 to metal area"
"C232";"C=10uF, ESL=Auto, ESR=25mOhms";" 10.00";"rejected";"N/A";"N/A";"N/A";"N/A";"Cannot find connection of pin C232.1 to metal area"
"C233";"C=10uF, ESL=Auto, ESR=25mOhms";" 10.00";"poorly connected";"  1.37";"N/A";"  1.36";"N/A";"Failed to create decoupling capacitor model; using simplified model"
"C242";"C=10uF, ESL=Auto, ESR=25mOhms";" 10.00";"poorly connected";"  1.60";"N/A";"  1.26";"N/A";"Failed to create decoupling capacitor model; using simplified model"
"C244";"C=10uF, ESL=Auto, ESR=25mOhms";" 10.00";"poorly connected";"  1.60";"N/A";"  1.26";"N/A";"Failed to create decoupling capacitor model; using simplified model"
"C246";"C=10uF, ESL=Auto, ESR=25mOhms";" 10.00";"poorly connected";"  1.60";"N/A";"  1.26";"N/A";"Failed to create decoupling capacitor model; using simplified model"
"C254";"C=10uF, ESL=Auto, ESR=25mOhms";" 10.00";"virtual connection";"  0.82";"  0.18";"  1.76";"N/A";""
